seq,edge_tcb0,gps_status,holdover_age_ms,cap16,latency16,now32,drop_pps
0,0,2,0,0,100,100,0
1,16000000,2,0,9216,100,16000100,0
2,32000000,2,0,18432,100,32000100,0
3,48000000,2,0,27648,100,48000100,0
4,64000000,2,0,36864,100,64000100,0
5,80000000,2,0,46080,100,80000100,0
6,96000000,2,0,55296,100,96000100,0
7,112000000,2,0,64512,100,112000100,0
8,128000000,2,0,8192,100,128000100,0
9,144000000,2,0,17408,100,144000100,0
10,160000000,2,0,26624,100,160000100,0
11,176000000,2,0,35840,100,176000100,0
12,192000000,2,0,45056,100,192000100,0
13,208000000,2,0,54272,100,208000100,0
14,224000000,2,0,63488,100,224000100,0
15,240000000,2,0,7168,100,240000100,0
16,256000000,2,0,16384,100,256000100,0
17,272000000,2,0,25600,100,272000100,0
18,288000000,2,0,34816,100,288000100,0
19,304000000,2,0,44032,100,304000100,0
20,320000000,2,0,53248,100,320000100,0
21,336000000,2,0,62464,100,336000100,0
22,352000000,2,0,6144,100,352000100,0
23,368000000,2,0,15360,100,368000100,0
24,384000000,2,0,24576,100,384000100,0
25,400000000,2,0,33792,100,400000100,0
26,416000000,2,0,43008,100,416000100,0
27,432000000,2,0,52224,100,432000100,0
28,448000000,2,0,61440,100,448000100,0
29,464000000,2,0,5120,100,464000100,0
30,480000000,2,0,14336,100,480000100,0
31,496000000,2,0,23552,100,496000100,0
32,512000000,2,0,32768,100,512000100,0
33,528000000,2,0,41984,100,528000100,0
34,544000000,2,0,51200,100,544000100,0
35,560000000,2,0,60416,100,560000100,0
36,576000000,2,0,4096,100,576000100,0
37,592000000,2,0,13312,100,592000100,0
38,608000000,2,0,22528,100,608000100,0
39,624000000,2,0,31744,100,624000100,0
40,640000000,2,0,40960,100,640000100,0
41,656000000,2,0,50176,100,656000100,0
42,672000000,2,0,59392,100,672000100,0
43,688000000,2,0,3072,100,688000100,0
44,704000000,2,0,12288,100,704000100,0
45,720000000,2,0,21504,100,720000100,0
46,736000000,2,0,30720,100,736000100,0
47,752000000,2,0,39936,100,752000100,0
48,768000000,2,0,49152,100,768000100,0
49,784000000,2,0,58368,100,784000100,0
50,800000000,2,0,2048,100,800000100,0
51,816000000,2,0,11264,100,816000100,0
52,832000000,2,0,20480,100,832000100,0
53,848000000,2,0,29696,100,848000100,0
54,864000000,2,0,38912,100,864000100,0
55,880000000,2,0,48128,100,880000100,0
56,896000000,2,0,57344,100,896000100,0
57,912000000,2,0,1024,100,912000100,0
58,928000000,2,0,10240,100,928000100,0
59,944000000,2,0,19456,100,944000100,0
60,960000000,2,0,28672,100,960000100,0
61,976000000,2,0,37888,100,976000100,0
62,992000000,2,0,47104,100,992000100,0
63,1008000000,2,0,56320,100,1008000100,0
64,1024000000,2,0,0,100,1024000100,0
65,1040000000,2,0,9216,100,1040000100,0
66,1056000000,2,0,18432,100,1056000100,0
67,1072000000,2,0,27648,100,1072000100,0
68,1088000000,2,0,36864,100,1088000100,0
69,1104000000,2,0,46080,100,1104000100,0
70,1120000000,2,0,55296,100,1120000100,0
71,1136000000,2,0,64512,100,1136000100,0
72,1152000000,2,0,8192,100,1152000100,0
73,1168000000,2,0,17408,100,1168000100,0
74,1184000000,2,0,26624,100,1184000100,0
75,1200000000,2,0,35840,100,1200000100,0
76,1216000000,2,0,45056,100,1216000100,0
77,1232000000,2,0,54272,100,1232000100,0
78,1248000000,2,0,63488,100,1248000100,0
79,1264000000,2,0,7168,100,1264000100,0
80,1280000000,2,0,16384,100,1280000100,0
81,1296000000,2,0,25600,100,1296000100,0
82,1312000000,2,0,34816,100,1312000100,0
83,1328000000,2,0,44032,100,1328000100,0
84,1344000000,2,0,53248,100,1344000100,0
85,1360000000,2,0,62464,100,1360000100,0
86,1376000000,2,0,6144,100,1376000100,0
87,1392000000,2,0,15360,100,1392000100,0
88,1408000000,2,0,24576,100,1408000100,0
89,1424000000,2,0,33792,100,1424000100,0
90,1440000000,2,0,43008,100,1440000100,0
