seq,edge0_tcb0,edge1_tcb0,edge2_tcb0,edge3_tcb0,edge4_tcb0,drop_ir,drop_pps,drop_swing,temperature_C,humidity_pct,pressure_hPa
100,100,15980100,16000100,31980110,32000100,0,0,0,20.0,45.0,1012.0
101,32000100,47980099,48000100,63980111,64000100,0,0,0,20.1,45.1,1012.1
102,64000100,79980098,80000100,95980112,96000100,0,0,0,20.2,45.1,1012.1
103,96000100,111980097,112000100,127980113,128000100,0,0,0,20.3,45.2,1012.2
104,128000100,143980096,144000100,159980114,160000100,1,0,0,20.4,45.2,1012.3
105,160000100,175980095,176000100,191980115,192000100,1,0,0,20.5,45.3,1012.4
106,192000100,207980094,208000100,223980116,224000100,1,0,0,20.6,45.3,1012.4
107,224000100,239980093,240000100,255980117,256000100,1,0,0,20.7,45.4,1012.5
108,256000100,271980092,272000100,287980118,288000100,1,0,0,20.8,45.4,1012.5
109,288000100,303980091,304000100,319980119,320000100,1,0,0,20.9,45.5,1012.6
110,320000100,335980090,336000100,351980120,352000100,1,0,0,21.0,45.5,1012.7
111,352000100,367980089,368000100,383980121,384000100,1,0,0,21.1,45.6,1012.7
112,384000100,399980088,400000100,415980122,416000100,1,0,0,21.2,45.6,1012.8
113,416000100,431980087,432000100,447980123,448000100,1,0,0,21.3,45.7,1012.9
114,448000100,463980086,464000100,479980124,480000100,1,0,0,21.4,45.7,1012.9
115,480000100,495980085,496000100,511980125,512000100,1,0,0,21.5,45.8,1013.0
116,512000100,527980084,528000100,543980126,544000100,1,0,0,21.6,45.8,1013.1
117,544000100,559980083,560000100,575980127,576000100,1,0,0,21.7,45.9,1013.1
118,576000100,591980082,592000100,607980128,608000100,1,0,0,21.8,45.9,1013.2
119,608000100,624180081,624200100,640180129,640200100,1,0,0,21.9,46.0,1013.3
120,640200100,656180080,656200100,672180130,672200100,1,0,0,22.0,46.0,1013.3
121,672200100,688180079,688200100,704180131,704200100,1,0,0,22.1,46.1,1013.4
122,704200100,720180078,720200100,736180132,736200100,1,0,0,22.2,46.1,1013.5
123,736200100,752180077,752200100,768180133,768200100,1,0,0,22.3,46.2,1013.5
124,768200100,784180076,784200100,800180134,800200100,1,0,0,22.4,46.2,1013.6
125,800200100,816180075,816200100,832180135,832200100,1,0,0,22.5,46.3,1013.7
126,832200100,848180074,848200100,864180136,864200100,1,0,0,22.6,46.3,1013.7
127,864200100,880180073,880200100,896180137,896200100,1,0,0,22.7,46.4,1013.8
128,896200100,912180072,912200100,928180138,928200100,1,0,0,22.8,46.4,1013.9
129,928200100,944180071,944200100,960180139,960200100,1,0,0,22.9,46.5,1013.9
